,hk,rch_0,rch_1
0,3.0,0.75,1.0
1,3.0,0.7628205128205128,1.0
2,3.0,0.7756410256410257,1.0
3,3.0,0.7884615384615384,1.0
4,3.0,0.8012820512820513,1.0
5,3.0,0.8141025641025641,1.0
6,3.0,0.8269230769230769,1.0
7,3.0,0.8397435897435898,1.0
8,3.0,0.8525641025641025,1.0
9,3.0,0.8653846153846154,1.0
10,3.0,0.8782051282051282,1.0
11,3.0,0.891025641025641,1.0
12,3.0,0.9038461538461539,1.0
13,3.0,0.9166666666666666,1.0
14,3.0,0.9294871794871795,1.0
15,3.0,0.9423076923076923,1.0
16,3.0,0.9551282051282051,1.0
17,3.0,0.967948717948718,1.0
18,3.0,0.9807692307692307,1.0
19,3.0,0.9935897435897436,1.0
20,3.0,1.0064102564102564,1.0
21,3.0,1.0192307692307692,1.0
22,3.0,1.032051282051282,1.0
23,3.0,1.044871794871795,1.0
24,3.0,1.0576923076923077,1.0
25,3.0,1.0705128205128205,1.0
26,3.0,1.0833333333333333,1.0
27,3.0,1.0961538461538463,1.0
28,3.0,1.108974358974359,1.0
29,3.0,1.1217948717948718,1.0
30,3.0,1.1346153846153846,1.0
31,3.0,1.1474358974358974,1.0
32,3.0,1.1602564102564101,1.0
33,3.0,1.1730769230769231,1.0
34,3.0,1.185897435897436,1.0
35,3.0,1.1987179487179487,1.0
36,3.0,1.2115384615384615,1.0
37,3.0,1.2243589743589745,1.0
38,3.0,1.2371794871794872,1.0
39,3.0,1.25,1.0
40,3.230769230769231,0.75,1.0
41,3.230769230769231,0.7628205128205128,1.0
42,3.230769230769231,0.7756410256410257,1.0
43,3.230769230769231,0.7884615384615384,1.0
44,3.230769230769231,0.8012820512820513,1.0
45,3.230769230769231,0.8141025641025641,1.0
46,3.230769230769231,0.8269230769230769,1.0
47,3.230769230769231,0.8397435897435898,1.0
48,3.230769230769231,0.8525641025641025,1.0
49,3.230769230769231,0.8653846153846154,1.0
50,3.230769230769231,0.8782051282051282,1.0
51,3.230769230769231,0.891025641025641,1.0
52,3.230769230769231,0.9038461538461539,1.0
53,3.230769230769231,0.9166666666666666,1.0
54,3.230769230769231,0.9294871794871795,1.0
55,3.230769230769231,0.9423076923076923,1.0
56,3.230769230769231,0.9551282051282051,1.0
57,3.230769230769231,0.967948717948718,1.0
58,3.230769230769231,0.9807692307692307,1.0
59,3.230769230769231,0.9935897435897436,1.0
60,3.230769230769231,1.0064102564102564,1.0
61,3.230769230769231,1.0192307692307692,1.0
62,3.230769230769231,1.032051282051282,1.0
63,3.230769230769231,1.044871794871795,1.0
64,3.230769230769231,1.0576923076923077,1.0
65,3.230769230769231,1.0705128205128205,1.0
66,3.230769230769231,1.0833333333333333,1.0
67,3.230769230769231,1.0961538461538463,1.0
68,3.230769230769231,1.108974358974359,1.0
69,3.230769230769231,1.1217948717948718,1.0
70,3.230769230769231,1.1346153846153846,1.0
71,3.230769230769231,1.1474358974358974,1.0
72,3.230769230769231,1.1602564102564101,1.0
73,3.230769230769231,1.1730769230769231,1.0
74,3.230769230769231,1.185897435897436,1.0
75,3.230769230769231,1.1987179487179487,1.0
76,3.230769230769231,1.2115384615384615,1.0
77,3.230769230769231,1.2243589743589745,1.0
78,3.230769230769231,1.2371794871794872,1.0
79,3.230769230769231,1.25,1.0
80,3.4615384615384617,0.75,1.0
81,3.4615384615384617,0.7628205128205128,1.0
82,3.4615384615384617,0.7756410256410257,1.0
83,3.4615384615384617,0.7884615384615384,1.0
84,3.4615384615384617,0.8012820512820513,1.0
85,3.4615384615384617,0.8141025641025641,1.0
86,3.4615384615384617,0.8269230769230769,1.0
87,3.4615384615384617,0.8397435897435898,1.0
88,3.4615384615384617,0.8525641025641025,1.0
89,3.4615384615384617,0.8653846153846154,1.0
90,3.4615384615384617,0.8782051282051282,1.0
91,3.4615384615384617,0.891025641025641,1.0
92,3.4615384615384617,0.9038461538461539,1.0
93,3.4615384615384617,0.9166666666666666,1.0
94,3.4615384615384617,0.9294871794871795,1.0
95,3.4615384615384617,0.9423076923076923,1.0
96,3.4615384615384617,0.9551282051282051,1.0
97,3.4615384615384617,0.967948717948718,1.0
98,3.4615384615384617,0.9807692307692307,1.0
99,3.4615384615384617,0.9935897435897436,1.0
100,3.4615384615384617,1.0064102564102564,1.0
101,3.4615384615384617,1.0192307692307692,1.0
102,3.4615384615384617,1.032051282051282,1.0
103,3.4615384615384617,1.044871794871795,1.0
104,3.4615384615384617,1.0576923076923077,1.0
105,3.4615384615384617,1.0705128205128205,1.0
106,3.4615384615384617,1.0833333333333333,1.0
107,3.4615384615384617,1.0961538461538463,1.0
108,3.4615384615384617,1.108974358974359,1.0
109,3.4615384615384617,1.1217948717948718,1.0
110,3.4615384615384617,1.1346153846153846,1.0
111,3.4615384615384617,1.1474358974358974,1.0
112,3.4615384615384617,1.1602564102564101,1.0
113,3.4615384615384617,1.1730769230769231,1.0
114,3.4615384615384617,1.185897435897436,1.0
115,3.4615384615384617,1.1987179487179487,1.0
116,3.4615384615384617,1.2115384615384615,1.0
117,3.4615384615384617,1.2243589743589745,1.0
118,3.4615384615384617,1.2371794871794872,1.0
119,3.4615384615384617,1.25,1.0
120,3.6923076923076925,0.75,1.0
121,3.6923076923076925,0.7628205128205128,1.0
122,3.6923076923076925,0.7756410256410257,1.0
123,3.6923076923076925,0.7884615384615384,1.0
124,3.6923076923076925,0.8012820512820513,1.0
125,3.6923076923076925,0.8141025641025641,1.0
126,3.6923076923076925,0.8269230769230769,1.0
127,3.6923076923076925,0.8397435897435898,1.0
128,3.6923076923076925,0.8525641025641025,1.0
129,3.6923076923076925,0.8653846153846154,1.0
130,3.6923076923076925,0.8782051282051282,1.0
131,3.6923076923076925,0.891025641025641,1.0
132,3.6923076923076925,0.9038461538461539,1.0
133,3.6923076923076925,0.9166666666666666,1.0
134,3.6923076923076925,0.9294871794871795,1.0
135,3.6923076923076925,0.9423076923076923,1.0
136,3.6923076923076925,0.9551282051282051,1.0
137,3.6923076923076925,0.967948717948718,1.0
138,3.6923076923076925,0.9807692307692307,1.0
139,3.6923076923076925,0.9935897435897436,1.0
140,3.6923076923076925,1.0064102564102564,1.0
141,3.6923076923076925,1.0192307692307692,1.0
142,3.6923076923076925,1.032051282051282,1.0
143,3.6923076923076925,1.044871794871795,1.0
144,3.6923076923076925,1.0576923076923077,1.0
145,3.6923076923076925,1.0705128205128205,1.0
146,3.6923076923076925,1.0833333333333333,1.0
147,3.6923076923076925,1.0961538461538463,1.0
148,3.6923076923076925,1.108974358974359,1.0
149,3.6923076923076925,1.1217948717948718,1.0
150,3.6923076923076925,1.1346153846153846,1.0
151,3.6923076923076925,1.1474358974358974,1.0
152,3.6923076923076925,1.1602564102564101,1.0
153,3.6923076923076925,1.1730769230769231,1.0
154,3.6923076923076925,1.185897435897436,1.0
155,3.6923076923076925,1.1987179487179487,1.0
156,3.6923076923076925,1.2115384615384615,1.0
157,3.6923076923076925,1.2243589743589745,1.0
158,3.6923076923076925,1.2371794871794872,1.0
159,3.6923076923076925,1.25,1.0
160,3.9230769230769234,0.75,1.0
161,3.9230769230769234,0.7628205128205128,1.0
162,3.9230769230769234,0.7756410256410257,1.0
163,3.9230769230769234,0.7884615384615384,1.0
164,3.9230769230769234,0.8012820512820513,1.0
165,3.9230769230769234,0.8141025641025641,1.0
166,3.9230769230769234,0.8269230769230769,1.0
167,3.9230769230769234,0.8397435897435898,1.0
168,3.9230769230769234,0.8525641025641025,1.0
169,3.9230769230769234,0.8653846153846154,1.0
170,3.9230769230769234,0.8782051282051282,1.0
171,3.9230769230769234,0.891025641025641,1.0
172,3.9230769230769234,0.9038461538461539,1.0
173,3.9230769230769234,0.9166666666666666,1.0
174,3.9230769230769234,0.9294871794871795,1.0
175,3.9230769230769234,0.9423076923076923,1.0
176,3.9230769230769234,0.9551282051282051,1.0
177,3.9230769230769234,0.967948717948718,1.0
178,3.9230769230769234,0.9807692307692307,1.0
179,3.9230769230769234,0.9935897435897436,1.0
180,3.9230769230769234,1.0064102564102564,1.0
181,3.9230769230769234,1.0192307692307692,1.0
182,3.9230769230769234,1.032051282051282,1.0
183,3.9230769230769234,1.044871794871795,1.0
184,3.9230769230769234,1.0576923076923077,1.0
185,3.9230769230769234,1.0705128205128205,1.0
186,3.9230769230769234,1.0833333333333333,1.0
187,3.9230769230769234,1.0961538461538463,1.0
188,3.9230769230769234,1.108974358974359,1.0
189,3.9230769230769234,1.1217948717948718,1.0
190,3.9230769230769234,1.1346153846153846,1.0
191,3.9230769230769234,1.1474358974358974,1.0
192,3.9230769230769234,1.1602564102564101,1.0
193,3.9230769230769234,1.1730769230769231,1.0
194,3.9230769230769234,1.185897435897436,1.0
195,3.9230769230769234,1.1987179487179487,1.0
196,3.9230769230769234,1.2115384615384615,1.0
197,3.9230769230769234,1.2243589743589745,1.0
198,3.9230769230769234,1.2371794871794872,1.0
199,3.9230769230769234,1.25,1.0
200,4.153846153846154,0.75,1.0
201,4.153846153846154,0.7628205128205128,1.0
202,4.153846153846154,0.7756410256410257,1.0
203,4.153846153846154,0.7884615384615384,1.0
204,4.153846153846154,0.8012820512820513,1.0
205,4.153846153846154,0.8141025641025641,1.0
206,4.153846153846154,0.8269230769230769,1.0
207,4.153846153846154,0.8397435897435898,1.0
208,4.153846153846154,0.8525641025641025,1.0
209,4.153846153846154,0.8653846153846154,1.0
210,4.153846153846154,0.8782051282051282,1.0
211,4.153846153846154,0.891025641025641,1.0
212,4.153846153846154,0.9038461538461539,1.0
213,4.153846153846154,0.9166666666666666,1.0
214,4.153846153846154,0.9294871794871795,1.0
215,4.153846153846154,0.9423076923076923,1.0
216,4.153846153846154,0.9551282051282051,1.0
217,4.153846153846154,0.967948717948718,1.0
218,4.153846153846154,0.9807692307692307,1.0
219,4.153846153846154,0.9935897435897436,1.0
220,4.153846153846154,1.0064102564102564,1.0
221,4.153846153846154,1.0192307692307692,1.0
222,4.153846153846154,1.032051282051282,1.0
223,4.153846153846154,1.044871794871795,1.0
224,4.153846153846154,1.0576923076923077,1.0
225,4.153846153846154,1.0705128205128205,1.0
226,4.153846153846154,1.0833333333333333,1.0
227,4.153846153846154,1.0961538461538463,1.0
228,4.153846153846154,1.108974358974359,1.0
229,4.153846153846154,1.1217948717948718,1.0
230,4.153846153846154,1.1346153846153846,1.0
231,4.153846153846154,1.1474358974358974,1.0
232,4.153846153846154,1.1602564102564101,1.0
233,4.153846153846154,1.1730769230769231,1.0
234,4.153846153846154,1.185897435897436,1.0
235,4.153846153846154,1.1987179487179487,1.0
236,4.153846153846154,1.2115384615384615,1.0
237,4.153846153846154,1.2243589743589745,1.0
238,4.153846153846154,1.2371794871794872,1.0
239,4.153846153846154,1.25,1.0
240,4.384615384615385,0.75,1.0
241,4.384615384615385,0.7628205128205128,1.0
242,4.384615384615385,0.7756410256410257,1.0
243,4.384615384615385,0.7884615384615384,1.0
244,4.384615384615385,0.8012820512820513,1.0
245,4.384615384615385,0.8141025641025641,1.0
246,4.384615384615385,0.8269230769230769,1.0
247,4.384615384615385,0.8397435897435898,1.0
248,4.384615384615385,0.8525641025641025,1.0
249,4.384615384615385,0.8653846153846154,1.0
250,4.384615384615385,0.8782051282051282,1.0
251,4.384615384615385,0.891025641025641,1.0
252,4.384615384615385,0.9038461538461539,1.0
253,4.384615384615385,0.9166666666666666,1.0
254,4.384615384615385,0.9294871794871795,1.0
255,4.384615384615385,0.9423076923076923,1.0
256,4.384615384615385,0.9551282051282051,1.0
257,4.384615384615385,0.967948717948718,1.0
258,4.384615384615385,0.9807692307692307,1.0
259,4.384615384615385,0.9935897435897436,1.0
260,4.384615384615385,1.0064102564102564,1.0
261,4.384615384615385,1.0192307692307692,1.0
262,4.384615384615385,1.032051282051282,1.0
263,4.384615384615385,1.044871794871795,1.0
264,4.384615384615385,1.0576923076923077,1.0
265,4.384615384615385,1.0705128205128205,1.0
266,4.384615384615385,1.0833333333333333,1.0
267,4.384615384615385,1.0961538461538463,1.0
268,4.384615384615385,1.108974358974359,1.0
269,4.384615384615385,1.1217948717948718,1.0
270,4.384615384615385,1.1346153846153846,1.0
271,4.384615384615385,1.1474358974358974,1.0
272,4.384615384615385,1.1602564102564101,1.0
273,4.384615384615385,1.1730769230769231,1.0
274,4.384615384615385,1.185897435897436,1.0
275,4.384615384615385,1.1987179487179487,1.0
276,4.384615384615385,1.2115384615384615,1.0
277,4.384615384615385,1.2243589743589745,1.0
278,4.384615384615385,1.2371794871794872,1.0
279,4.384615384615385,1.25,1.0
280,4.615384615384615,0.75,1.0
281,4.615384615384615,0.7628205128205128,1.0
282,4.615384615384615,0.7756410256410257,1.0
283,4.615384615384615,0.7884615384615384,1.0
284,4.615384615384615,0.8012820512820513,1.0
285,4.615384615384615,0.8141025641025641,1.0
286,4.615384615384615,0.8269230769230769,1.0
287,4.615384615384615,0.8397435897435898,1.0
288,4.615384615384615,0.8525641025641025,1.0
289,4.615384615384615,0.8653846153846154,1.0
290,4.615384615384615,0.8782051282051282,1.0
291,4.615384615384615,0.891025641025641,1.0
292,4.615384615384615,0.9038461538461539,1.0
293,4.615384615384615,0.9166666666666666,1.0
294,4.615384615384615,0.9294871794871795,1.0
295,4.615384615384615,0.9423076923076923,1.0
296,4.615384615384615,0.9551282051282051,1.0
297,4.615384615384615,0.967948717948718,1.0
298,4.615384615384615,0.9807692307692307,1.0
299,4.615384615384615,0.9935897435897436,1.0
300,4.615384615384615,1.0064102564102564,1.0
301,4.615384615384615,1.0192307692307692,1.0
302,4.615384615384615,1.032051282051282,1.0
303,4.615384615384615,1.044871794871795,1.0
304,4.615384615384615,1.0576923076923077,1.0
305,4.615384615384615,1.0705128205128205,1.0
306,4.615384615384615,1.0833333333333333,1.0
307,4.615384615384615,1.0961538461538463,1.0
308,4.615384615384615,1.108974358974359,1.0
309,4.615384615384615,1.1217948717948718,1.0
310,4.615384615384615,1.1346153846153846,1.0
311,4.615384615384615,1.1474358974358974,1.0
312,4.615384615384615,1.1602564102564101,1.0
313,4.615384615384615,1.1730769230769231,1.0
314,4.615384615384615,1.185897435897436,1.0
315,4.615384615384615,1.1987179487179487,1.0
316,4.615384615384615,1.2115384615384615,1.0
317,4.615384615384615,1.2243589743589745,1.0
318,4.615384615384615,1.2371794871794872,1.0
319,4.615384615384615,1.25,1.0
320,4.846153846153847,0.75,1.0
321,4.846153846153847,0.7628205128205128,1.0
322,4.846153846153847,0.7756410256410257,1.0
323,4.846153846153847,0.7884615384615384,1.0
324,4.846153846153847,0.8012820512820513,1.0
325,4.846153846153847,0.8141025641025641,1.0
326,4.846153846153847,0.8269230769230769,1.0
327,4.846153846153847,0.8397435897435898,1.0
328,4.846153846153847,0.8525641025641025,1.0
329,4.846153846153847,0.8653846153846154,1.0
330,4.846153846153847,0.8782051282051282,1.0
331,4.846153846153847,0.891025641025641,1.0
332,4.846153846153847,0.9038461538461539,1.0
333,4.846153846153847,0.9166666666666666,1.0
334,4.846153846153847,0.9294871794871795,1.0
335,4.846153846153847,0.9423076923076923,1.0
336,4.846153846153847,0.9551282051282051,1.0
337,4.846153846153847,0.967948717948718,1.0
338,4.846153846153847,0.9807692307692307,1.0
339,4.846153846153847,0.9935897435897436,1.0
340,4.846153846153847,1.0064102564102564,1.0
341,4.846153846153847,1.0192307692307692,1.0
342,4.846153846153847,1.032051282051282,1.0
343,4.846153846153847,1.044871794871795,1.0
344,4.846153846153847,1.0576923076923077,1.0
345,4.846153846153847,1.0705128205128205,1.0
346,4.846153846153847,1.0833333333333333,1.0
347,4.846153846153847,1.0961538461538463,1.0
348,4.846153846153847,1.108974358974359,1.0
349,4.846153846153847,1.1217948717948718,1.0
350,4.846153846153847,1.1346153846153846,1.0
351,4.846153846153847,1.1474358974358974,1.0
352,4.846153846153847,1.1602564102564101,1.0
353,4.846153846153847,1.1730769230769231,1.0
354,4.846153846153847,1.185897435897436,1.0
355,4.846153846153847,1.1987179487179487,1.0
356,4.846153846153847,1.2115384615384615,1.0
357,4.846153846153847,1.2243589743589745,1.0
358,4.846153846153847,1.2371794871794872,1.0
359,4.846153846153847,1.25,1.0
360,5.076923076923077,0.75,1.0
361,5.076923076923077,0.7628205128205128,1.0
362,5.076923076923077,0.7756410256410257,1.0
363,5.076923076923077,0.7884615384615384,1.0
364,5.076923076923077,0.8012820512820513,1.0
365,5.076923076923077,0.8141025641025641,1.0
366,5.076923076923077,0.8269230769230769,1.0
367,5.076923076923077,0.8397435897435898,1.0
368,5.076923076923077,0.8525641025641025,1.0
369,5.076923076923077,0.8653846153846154,1.0
370,5.076923076923077,0.8782051282051282,1.0
371,5.076923076923077,0.891025641025641,1.0
372,5.076923076923077,0.9038461538461539,1.0
373,5.076923076923077,0.9166666666666666,1.0
374,5.076923076923077,0.9294871794871795,1.0
375,5.076923076923077,0.9423076923076923,1.0
376,5.076923076923077,0.9551282051282051,1.0
377,5.076923076923077,0.967948717948718,1.0
378,5.076923076923077,0.9807692307692307,1.0
379,5.076923076923077,0.9935897435897436,1.0
380,5.076923076923077,1.0064102564102564,1.0
381,5.076923076923077,1.0192307692307692,1.0
382,5.076923076923077,1.032051282051282,1.0
383,5.076923076923077,1.044871794871795,1.0
384,5.076923076923077,1.0576923076923077,1.0
385,5.076923076923077,1.0705128205128205,1.0
386,5.076923076923077,1.0833333333333333,1.0
387,5.076923076923077,1.0961538461538463,1.0
388,5.076923076923077,1.108974358974359,1.0
389,5.076923076923077,1.1217948717948718,1.0
390,5.076923076923077,1.1346153846153846,1.0
391,5.076923076923077,1.1474358974358974,1.0
392,5.076923076923077,1.1602564102564101,1.0
393,5.076923076923077,1.1730769230769231,1.0
394,5.076923076923077,1.185897435897436,1.0
395,5.076923076923077,1.1987179487179487,1.0
396,5.076923076923077,1.2115384615384615,1.0
397,5.076923076923077,1.2243589743589745,1.0
398,5.076923076923077,1.2371794871794872,1.0
399,5.076923076923077,1.25,1.0
400,5.307692307692308,0.75,1.0
401,5.307692307692308,0.7628205128205128,1.0
402,5.307692307692308,0.7756410256410257,1.0
403,5.307692307692308,0.7884615384615384,1.0
404,5.307692307692308,0.8012820512820513,1.0
405,5.307692307692308,0.8141025641025641,1.0
406,5.307692307692308,0.8269230769230769,1.0
407,5.307692307692308,0.8397435897435898,1.0
408,5.307692307692308,0.8525641025641025,1.0
409,5.307692307692308,0.8653846153846154,1.0
410,5.307692307692308,0.8782051282051282,1.0
411,5.307692307692308,0.891025641025641,1.0
412,5.307692307692308,0.9038461538461539,1.0
413,5.307692307692308,0.9166666666666666,1.0
414,5.307692307692308,0.9294871794871795,1.0
415,5.307692307692308,0.9423076923076923,1.0
416,5.307692307692308,0.9551282051282051,1.0
417,5.307692307692308,0.967948717948718,1.0
418,5.307692307692308,0.9807692307692307,1.0
419,5.307692307692308,0.9935897435897436,1.0
420,5.307692307692308,1.0064102564102564,1.0
421,5.307692307692308,1.0192307692307692,1.0
422,5.307692307692308,1.032051282051282,1.0
423,5.307692307692308,1.044871794871795,1.0
424,5.307692307692308,1.0576923076923077,1.0
425,5.307692307692308,1.0705128205128205,1.0
426,5.307692307692308,1.0833333333333333,1.0
427,5.307692307692308,1.0961538461538463,1.0
428,5.307692307692308,1.108974358974359,1.0
429,5.307692307692308,1.1217948717948718,1.0
430,5.307692307692308,1.1346153846153846,1.0
431,5.307692307692308,1.1474358974358974,1.0
432,5.307692307692308,1.1602564102564101,1.0
433,5.307692307692308,1.1730769230769231,1.0
434,5.307692307692308,1.185897435897436,1.0
435,5.307692307692308,1.1987179487179487,1.0
436,5.307692307692308,1.2115384615384615,1.0
437,5.307692307692308,1.2243589743589745,1.0
438,5.307692307692308,1.2371794871794872,1.0
439,5.307692307692308,1.25,1.0
440,5.538461538461538,0.75,1.0
441,5.538461538461538,0.7628205128205128,1.0
442,5.538461538461538,0.7756410256410257,1.0
443,5.538461538461538,0.7884615384615384,1.0
444,5.538461538461538,0.8012820512820513,1.0
445,5.538461538461538,0.8141025641025641,1.0
446,5.538461538461538,0.8269230769230769,1.0
447,5.538461538461538,0.8397435897435898,1.0
448,5.538461538461538,0.8525641025641025,1.0
449,5.538461538461538,0.8653846153846154,1.0
450,5.538461538461538,0.8782051282051282,1.0
451,5.538461538461538,0.891025641025641,1.0
452,5.538461538461538,0.9038461538461539,1.0
453,5.538461538461538,0.9166666666666666,1.0
454,5.538461538461538,0.9294871794871795,1.0
455,5.538461538461538,0.9423076923076923,1.0
456,5.538461538461538,0.9551282051282051,1.0
457,5.538461538461538,0.967948717948718,1.0
458,5.538461538461538,0.9807692307692307,1.0
459,5.538461538461538,0.9935897435897436,1.0
460,5.538461538461538,1.0064102564102564,1.0
461,5.538461538461538,1.0192307692307692,1.0
462,5.538461538461538,1.032051282051282,1.0
463,5.538461538461538,1.044871794871795,1.0
464,5.538461538461538,1.0576923076923077,1.0
465,5.538461538461538,1.0705128205128205,1.0
466,5.538461538461538,1.0833333333333333,1.0
467,5.538461538461538,1.0961538461538463,1.0
468,5.538461538461538,1.108974358974359,1.0
469,5.538461538461538,1.1217948717948718,1.0
470,5.538461538461538,1.1346153846153846,1.0
471,5.538461538461538,1.1474358974358974,1.0
472,5.538461538461538,1.1602564102564101,1.0
473,5.538461538461538,1.1730769230769231,1.0
474,5.538461538461538,1.185897435897436,1.0
475,5.538461538461538,1.1987179487179487,1.0
476,5.538461538461538,1.2115384615384615,1.0
477,5.538461538461538,1.2243589743589745,1.0
478,5.538461538461538,1.2371794871794872,1.0
479,5.538461538461538,1.25,1.0
480,5.769230769230769,0.75,1.0
481,5.769230769230769,0.7628205128205128,1.0
482,5.769230769230769,0.7756410256410257,1.0
483,5.769230769230769,0.7884615384615384,1.0
484,5.769230769230769,0.8012820512820513,1.0
485,5.769230769230769,0.8141025641025641,1.0
486,5.769230769230769,0.8269230769230769,1.0
487,5.769230769230769,0.8397435897435898,1.0
488,5.769230769230769,0.8525641025641025,1.0
489,5.769230769230769,0.8653846153846154,1.0
490,5.769230769230769,0.8782051282051282,1.0
491,5.769230769230769,0.891025641025641,1.0
492,5.769230769230769,0.9038461538461539,1.0
493,5.769230769230769,0.9166666666666666,1.0
494,5.769230769230769,0.9294871794871795,1.0
495,5.769230769230769,0.9423076923076923,1.0
496,5.769230769230769,0.9551282051282051,1.0
497,5.769230769230769,0.967948717948718,1.0
498,5.769230769230769,0.9807692307692307,1.0
499,5.769230769230769,0.9935897435897436,1.0
500,5.769230769230769,1.0064102564102564,1.0
501,5.769230769230769,1.0192307692307692,1.0
502,5.769230769230769,1.032051282051282,1.0
503,5.769230769230769,1.044871794871795,1.0
504,5.769230769230769,1.0576923076923077,1.0
505,5.769230769230769,1.0705128205128205,1.0
506,5.769230769230769,1.0833333333333333,1.0
507,5.769230769230769,1.0961538461538463,1.0
508,5.769230769230769,1.108974358974359,1.0
509,5.769230769230769,1.1217948717948718,1.0
510,5.769230769230769,1.1346153846153846,1.0
511,5.769230769230769,1.1474358974358974,1.0
512,5.769230769230769,1.1602564102564101,1.0
513,5.769230769230769,1.1730769230769231,1.0
514,5.769230769230769,1.185897435897436,1.0
515,5.769230769230769,1.1987179487179487,1.0
516,5.769230769230769,1.2115384615384615,1.0
517,5.769230769230769,1.2243589743589745,1.0
518,5.769230769230769,1.2371794871794872,1.0
519,5.769230769230769,1.25,1.0
520,6.0,0.75,1.0
521,6.0,0.7628205128205128,1.0
522,6.0,0.7756410256410257,1.0
523,6.0,0.7884615384615384,1.0
524,6.0,0.8012820512820513,1.0
525,6.0,0.8141025641025641,1.0
526,6.0,0.8269230769230769,1.0
527,6.0,0.8397435897435898,1.0
528,6.0,0.8525641025641025,1.0
529,6.0,0.8653846153846154,1.0
530,6.0,0.8782051282051282,1.0
531,6.0,0.891025641025641,1.0
532,6.0,0.9038461538461539,1.0
533,6.0,0.9166666666666666,1.0
534,6.0,0.9294871794871795,1.0
535,6.0,0.9423076923076923,1.0
536,6.0,0.9551282051282051,1.0
537,6.0,0.967948717948718,1.0
538,6.0,0.9807692307692307,1.0
539,6.0,0.9935897435897436,1.0
540,6.0,1.0064102564102564,1.0
541,6.0,1.0192307692307692,1.0
542,6.0,1.032051282051282,1.0
543,6.0,1.044871794871795,1.0
544,6.0,1.0576923076923077,1.0
545,6.0,1.0705128205128205,1.0
546,6.0,1.0833333333333333,1.0
547,6.0,1.0961538461538463,1.0
548,6.0,1.108974358974359,1.0
549,6.0,1.1217948717948718,1.0
550,6.0,1.1346153846153846,1.0
551,6.0,1.1474358974358974,1.0
552,6.0,1.1602564102564101,1.0
553,6.0,1.1730769230769231,1.0
554,6.0,1.185897435897436,1.0
555,6.0,1.1987179487179487,1.0
556,6.0,1.2115384615384615,1.0
557,6.0,1.2243589743589745,1.0
558,6.0,1.2371794871794872,1.0
559,6.0,1.25,1.0
560,6.230769230769231,0.75,1.0
561,6.230769230769231,0.7628205128205128,1.0
562,6.230769230769231,0.7756410256410257,1.0
563,6.230769230769231,0.7884615384615384,1.0
564,6.230769230769231,0.8012820512820513,1.0
565,6.230769230769231,0.8141025641025641,1.0
566,6.230769230769231,0.8269230769230769,1.0
567,6.230769230769231,0.8397435897435898,1.0
568,6.230769230769231,0.8525641025641025,1.0
569,6.230769230769231,0.8653846153846154,1.0
570,6.230769230769231,0.8782051282051282,1.0
571,6.230769230769231,0.891025641025641,1.0
572,6.230769230769231,0.9038461538461539,1.0
573,6.230769230769231,0.9166666666666666,1.0
574,6.230769230769231,0.9294871794871795,1.0
575,6.230769230769231,0.9423076923076923,1.0
576,6.230769230769231,0.9551282051282051,1.0
577,6.230769230769231,0.967948717948718,1.0
578,6.230769230769231,0.9807692307692307,1.0
579,6.230769230769231,0.9935897435897436,1.0
580,6.230769230769231,1.0064102564102564,1.0
581,6.230769230769231,1.0192307692307692,1.0
582,6.230769230769231,1.032051282051282,1.0
583,6.230769230769231,1.044871794871795,1.0
584,6.230769230769231,1.0576923076923077,1.0
585,6.230769230769231,1.0705128205128205,1.0
586,6.230769230769231,1.0833333333333333,1.0
587,6.230769230769231,1.0961538461538463,1.0
588,6.230769230769231,1.108974358974359,1.0
589,6.230769230769231,1.1217948717948718,1.0
590,6.230769230769231,1.1346153846153846,1.0
591,6.230769230769231,1.1474358974358974,1.0
592,6.230769230769231,1.1602564102564101,1.0
593,6.230769230769231,1.1730769230769231,1.0
594,6.230769230769231,1.185897435897436,1.0
595,6.230769230769231,1.1987179487179487,1.0
596,6.230769230769231,1.2115384615384615,1.0
597,6.230769230769231,1.2243589743589745,1.0
598,6.230769230769231,1.2371794871794872,1.0
599,6.230769230769231,1.25,1.0
600,6.461538461538462,0.75,1.0
601,6.461538461538462,0.7628205128205128,1.0
602,6.461538461538462,0.7756410256410257,1.0
603,6.461538461538462,0.7884615384615384,1.0
604,6.461538461538462,0.8012820512820513,1.0
605,6.461538461538462,0.8141025641025641,1.0
606,6.461538461538462,0.8269230769230769,1.0
607,6.461538461538462,0.8397435897435898,1.0
608,6.461538461538462,0.8525641025641025,1.0
609,6.461538461538462,0.8653846153846154,1.0
610,6.461538461538462,0.8782051282051282,1.0
611,6.461538461538462,0.891025641025641,1.0
612,6.461538461538462,0.9038461538461539,1.0
613,6.461538461538462,0.9166666666666666,1.0
614,6.461538461538462,0.9294871794871795,1.0
615,6.461538461538462,0.9423076923076923,1.0
616,6.461538461538462,0.9551282051282051,1.0
617,6.461538461538462,0.967948717948718,1.0
618,6.461538461538462,0.9807692307692307,1.0
619,6.461538461538462,0.9935897435897436,1.0
620,6.461538461538462,1.0064102564102564,1.0
621,6.461538461538462,1.0192307692307692,1.0
622,6.461538461538462,1.032051282051282,1.0
623,6.461538461538462,1.044871794871795,1.0
624,6.461538461538462,1.0576923076923077,1.0
625,6.461538461538462,1.0705128205128205,1.0
626,6.461538461538462,1.0833333333333333,1.0
627,6.461538461538462,1.0961538461538463,1.0
628,6.461538461538462,1.108974358974359,1.0
629,6.461538461538462,1.1217948717948718,1.0
630,6.461538461538462,1.1346153846153846,1.0
631,6.461538461538462,1.1474358974358974,1.0
632,6.461538461538462,1.1602564102564101,1.0
633,6.461538461538462,1.1730769230769231,1.0
634,6.461538461538462,1.185897435897436,1.0
635,6.461538461538462,1.1987179487179487,1.0
636,6.461538461538462,1.2115384615384615,1.0
637,6.461538461538462,1.2243589743589745,1.0
638,6.461538461538462,1.2371794871794872,1.0
639,6.461538461538462,1.25,1.0
640,6.6923076923076925,0.75,1.0
641,6.6923076923076925,0.7628205128205128,1.0
642,6.6923076923076925,0.7756410256410257,1.0
643,6.6923076923076925,0.7884615384615384,1.0
644,6.6923076923076925,0.8012820512820513,1.0
645,6.6923076923076925,0.8141025641025641,1.0
646,6.6923076923076925,0.8269230769230769,1.0
647,6.6923076923076925,0.8397435897435898,1.0
648,6.6923076923076925,0.8525641025641025,1.0
649,6.6923076923076925,0.8653846153846154,1.0
650,6.6923076923076925,0.8782051282051282,1.0
651,6.6923076923076925,0.891025641025641,1.0
652,6.6923076923076925,0.9038461538461539,1.0
653,6.6923076923076925,0.9166666666666666,1.0
654,6.6923076923076925,0.9294871794871795,1.0
655,6.6923076923076925,0.9423076923076923,1.0
656,6.6923076923076925,0.9551282051282051,1.0
657,6.6923076923076925,0.967948717948718,1.0
658,6.6923076923076925,0.9807692307692307,1.0
659,6.6923076923076925,0.9935897435897436,1.0
660,6.6923076923076925,1.0064102564102564,1.0
661,6.6923076923076925,1.0192307692307692,1.0
662,6.6923076923076925,1.032051282051282,1.0
663,6.6923076923076925,1.044871794871795,1.0
664,6.6923076923076925,1.0576923076923077,1.0
665,6.6923076923076925,1.0705128205128205,1.0
666,6.6923076923076925,1.0833333333333333,1.0
667,6.6923076923076925,1.0961538461538463,1.0
668,6.6923076923076925,1.108974358974359,1.0
669,6.6923076923076925,1.1217948717948718,1.0
670,6.6923076923076925,1.1346153846153846,1.0
671,6.6923076923076925,1.1474358974358974,1.0
672,6.6923076923076925,1.1602564102564101,1.0
673,6.6923076923076925,1.1730769230769231,1.0
674,6.6923076923076925,1.185897435897436,1.0
675,6.6923076923076925,1.1987179487179487,1.0
676,6.6923076923076925,1.2115384615384615,1.0
677,6.6923076923076925,1.2243589743589745,1.0
678,6.6923076923076925,1.2371794871794872,1.0
679,6.6923076923076925,1.25,1.0
680,6.923076923076923,0.75,1.0
681,6.923076923076923,0.7628205128205128,1.0
682,6.923076923076923,0.7756410256410257,1.0
683,6.923076923076923,0.7884615384615384,1.0
684,6.923076923076923,0.8012820512820513,1.0
685,6.923076923076923,0.8141025641025641,1.0
686,6.923076923076923,0.8269230769230769,1.0
687,6.923076923076923,0.8397435897435898,1.0
688,6.923076923076923,0.8525641025641025,1.0
689,6.923076923076923,0.8653846153846154,1.0
690,6.923076923076923,0.8782051282051282,1.0
691,6.923076923076923,0.891025641025641,1.0
692,6.923076923076923,0.9038461538461539,1.0
693,6.923076923076923,0.9166666666666666,1.0
694,6.923076923076923,0.9294871794871795,1.0
695,6.923076923076923,0.9423076923076923,1.0
696,6.923076923076923,0.9551282051282051,1.0
697,6.923076923076923,0.967948717948718,1.0
698,6.923076923076923,0.9807692307692307,1.0
699,6.923076923076923,0.9935897435897436,1.0
700,6.923076923076923,1.0064102564102564,1.0
701,6.923076923076923,1.0192307692307692,1.0
702,6.923076923076923,1.032051282051282,1.0
703,6.923076923076923,1.044871794871795,1.0
704,6.923076923076923,1.0576923076923077,1.0
705,6.923076923076923,1.0705128205128205,1.0
706,6.923076923076923,1.0833333333333333,1.0
707,6.923076923076923,1.0961538461538463,1.0
708,6.923076923076923,1.108974358974359,1.0
709,6.923076923076923,1.1217948717948718,1.0
710,6.923076923076923,1.1346153846153846,1.0
711,6.923076923076923,1.1474358974358974,1.0
712,6.923076923076923,1.1602564102564101,1.0
713,6.923076923076923,1.1730769230769231,1.0
714,6.923076923076923,1.185897435897436,1.0
715,6.923076923076923,1.1987179487179487,1.0
716,6.923076923076923,1.2115384615384615,1.0
717,6.923076923076923,1.2243589743589745,1.0
718,6.923076923076923,1.2371794871794872,1.0
719,6.923076923076923,1.25,1.0
720,7.153846153846154,0.75,1.0
721,7.153846153846154,0.7628205128205128,1.0
722,7.153846153846154,0.7756410256410257,1.0
723,7.153846153846154,0.7884615384615384,1.0
724,7.153846153846154,0.8012820512820513,1.0
725,7.153846153846154,0.8141025641025641,1.0
726,7.153846153846154,0.8269230769230769,1.0
727,7.153846153846154,0.8397435897435898,1.0
728,7.153846153846154,0.8525641025641025,1.0
729,7.153846153846154,0.8653846153846154,1.0
730,7.153846153846154,0.8782051282051282,1.0
731,7.153846153846154,0.891025641025641,1.0
732,7.153846153846154,0.9038461538461539,1.0
733,7.153846153846154,0.9166666666666666,1.0
734,7.153846153846154,0.9294871794871795,1.0
735,7.153846153846154,0.9423076923076923,1.0
736,7.153846153846154,0.9551282051282051,1.0
737,7.153846153846154,0.967948717948718,1.0
738,7.153846153846154,0.9807692307692307,1.0
739,7.153846153846154,0.9935897435897436,1.0
740,7.153846153846154,1.0064102564102564,1.0
741,7.153846153846154,1.0192307692307692,1.0
742,7.153846153846154,1.032051282051282,1.0
743,7.153846153846154,1.044871794871795,1.0
744,7.153846153846154,1.0576923076923077,1.0
745,7.153846153846154,1.0705128205128205,1.0
746,7.153846153846154,1.0833333333333333,1.0
747,7.153846153846154,1.0961538461538463,1.0
748,7.153846153846154,1.108974358974359,1.0
749,7.153846153846154,1.1217948717948718,1.0
750,7.153846153846154,1.1346153846153846,1.0
751,7.153846153846154,1.1474358974358974,1.0
752,7.153846153846154,1.1602564102564101,1.0
753,7.153846153846154,1.1730769230769231,1.0
754,7.153846153846154,1.185897435897436,1.0
755,7.153846153846154,1.1987179487179487,1.0
756,7.153846153846154,1.2115384615384615,1.0
757,7.153846153846154,1.2243589743589745,1.0
758,7.153846153846154,1.2371794871794872,1.0
759,7.153846153846154,1.25,1.0
760,7.384615384615385,0.75,1.0
761,7.384615384615385,0.7628205128205128,1.0
762,7.384615384615385,0.7756410256410257,1.0
763,7.384615384615385,0.7884615384615384,1.0
764,7.384615384615385,0.8012820512820513,1.0
765,7.384615384615385,0.8141025641025641,1.0
766,7.384615384615385,0.8269230769230769,1.0
767,7.384615384615385,0.8397435897435898,1.0
768,7.384615384615385,0.8525641025641025,1.0
769,7.384615384615385,0.8653846153846154,1.0
770,7.384615384615385,0.8782051282051282,1.0
771,7.384615384615385,0.891025641025641,1.0
772,7.384615384615385,0.9038461538461539,1.0
773,7.384615384615385,0.9166666666666666,1.0
774,7.384615384615385,0.9294871794871795,1.0
775,7.384615384615385,0.9423076923076923,1.0
776,7.384615384615385,0.9551282051282051,1.0
777,7.384615384615385,0.967948717948718,1.0
778,7.384615384615385,0.9807692307692307,1.0
779,7.384615384615385,0.9935897435897436,1.0
780,7.384615384615385,1.0064102564102564,1.0
781,7.384615384615385,1.0192307692307692,1.0
782,7.384615384615385,1.032051282051282,1.0
783,7.384615384615385,1.044871794871795,1.0
784,7.384615384615385,1.0576923076923077,1.0
785,7.384615384615385,1.0705128205128205,1.0
786,7.384615384615385,1.0833333333333333,1.0
787,7.384615384615385,1.0961538461538463,1.0
788,7.384615384615385,1.108974358974359,1.0
789,7.384615384615385,1.1217948717948718,1.0
790,7.384615384615385,1.1346153846153846,1.0
791,7.384615384615385,1.1474358974358974,1.0
792,7.384615384615385,1.1602564102564101,1.0
793,7.384615384615385,1.1730769230769231,1.0
794,7.384615384615385,1.185897435897436,1.0
795,7.384615384615385,1.1987179487179487,1.0
796,7.384615384615385,1.2115384615384615,1.0
797,7.384615384615385,1.2243589743589745,1.0
798,7.384615384615385,1.2371794871794872,1.0
799,7.384615384615385,1.25,1.0
800,7.615384615384616,0.75,1.0
801,7.615384615384616,0.7628205128205128,1.0
802,7.615384615384616,0.7756410256410257,1.0
803,7.615384615384616,0.7884615384615384,1.0
804,7.615384615384616,0.8012820512820513,1.0
805,7.615384615384616,0.8141025641025641,1.0
806,7.615384615384616,0.8269230769230769,1.0
807,7.615384615384616,0.8397435897435898,1.0
808,7.615384615384616,0.8525641025641025,1.0
809,7.615384615384616,0.8653846153846154,1.0
810,7.615384615384616,0.8782051282051282,1.0
811,7.615384615384616,0.891025641025641,1.0
812,7.615384615384616,0.9038461538461539,1.0
813,7.615384615384616,0.9166666666666666,1.0
814,7.615384615384616,0.9294871794871795,1.0
815,7.615384615384616,0.9423076923076923,1.0
816,7.615384615384616,0.9551282051282051,1.0
817,7.615384615384616,0.967948717948718,1.0
818,7.615384615384616,0.9807692307692307,1.0
819,7.615384615384616,0.9935897435897436,1.0
820,7.615384615384616,1.0064102564102564,1.0
821,7.615384615384616,1.0192307692307692,1.0
822,7.615384615384616,1.032051282051282,1.0
823,7.615384615384616,1.044871794871795,1.0
824,7.615384615384616,1.0576923076923077,1.0
825,7.615384615384616,1.0705128205128205,1.0
826,7.615384615384616,1.0833333333333333,1.0
827,7.615384615384616,1.0961538461538463,1.0
828,7.615384615384616,1.108974358974359,1.0
829,7.615384615384616,1.1217948717948718,1.0
830,7.615384615384616,1.1346153846153846,1.0
831,7.615384615384616,1.1474358974358974,1.0
832,7.615384615384616,1.1602564102564101,1.0
833,7.615384615384616,1.1730769230769231,1.0
834,7.615384615384616,1.185897435897436,1.0
835,7.615384615384616,1.1987179487179487,1.0
836,7.615384615384616,1.2115384615384615,1.0
837,7.615384615384616,1.2243589743589745,1.0
838,7.615384615384616,1.2371794871794872,1.0
839,7.615384615384616,1.25,1.0
840,7.846153846153847,0.75,1.0
841,7.846153846153847,0.7628205128205128,1.0
842,7.846153846153847,0.7756410256410257,1.0
843,7.846153846153847,0.7884615384615384,1.0
844,7.846153846153847,0.8012820512820513,1.0
845,7.846153846153847,0.8141025641025641,1.0
846,7.846153846153847,0.8269230769230769,1.0
847,7.846153846153847,0.8397435897435898,1.0
848,7.846153846153847,0.8525641025641025,1.0
849,7.846153846153847,0.8653846153846154,1.0
850,7.846153846153847,0.8782051282051282,1.0
851,7.846153846153847,0.891025641025641,1.0
852,7.846153846153847,0.9038461538461539,1.0
853,7.846153846153847,0.9166666666666666,1.0
854,7.846153846153847,0.9294871794871795,1.0
855,7.846153846153847,0.9423076923076923,1.0
856,7.846153846153847,0.9551282051282051,1.0
857,7.846153846153847,0.967948717948718,1.0
858,7.846153846153847,0.9807692307692307,1.0
859,7.846153846153847,0.9935897435897436,1.0
860,7.846153846153847,1.0064102564102564,1.0
861,7.846153846153847,1.0192307692307692,1.0
862,7.846153846153847,1.032051282051282,1.0
863,7.846153846153847,1.044871794871795,1.0
864,7.846153846153847,1.0576923076923077,1.0
865,7.846153846153847,1.0705128205128205,1.0
866,7.846153846153847,1.0833333333333333,1.0
867,7.846153846153847,1.0961538461538463,1.0
868,7.846153846153847,1.108974358974359,1.0
869,7.846153846153847,1.1217948717948718,1.0
870,7.846153846153847,1.1346153846153846,1.0
871,7.846153846153847,1.1474358974358974,1.0
872,7.846153846153847,1.1602564102564101,1.0
873,7.846153846153847,1.1730769230769231,1.0
874,7.846153846153847,1.185897435897436,1.0
875,7.846153846153847,1.1987179487179487,1.0
876,7.846153846153847,1.2115384615384615,1.0
877,7.846153846153847,1.2243589743589745,1.0
878,7.846153846153847,1.2371794871794872,1.0
879,7.846153846153847,1.25,1.0
880,8.076923076923077,0.75,1.0
881,8.076923076923077,0.7628205128205128,1.0
882,8.076923076923077,0.7756410256410257,1.0
883,8.076923076923077,0.7884615384615384,1.0
884,8.076923076923077,0.8012820512820513,1.0
885,8.076923076923077,0.8141025641025641,1.0
886,8.076923076923077,0.8269230769230769,1.0
887,8.076923076923077,0.8397435897435898,1.0
888,8.076923076923077,0.8525641025641025,1.0
889,8.076923076923077,0.8653846153846154,1.0
890,8.076923076923077,0.8782051282051282,1.0
891,8.076923076923077,0.891025641025641,1.0
892,8.076923076923077,0.9038461538461539,1.0
893,8.076923076923077,0.9166666666666666,1.0
894,8.076923076923077,0.9294871794871795,1.0
895,8.076923076923077,0.9423076923076923,1.0
896,8.076923076923077,0.9551282051282051,1.0
897,8.076923076923077,0.967948717948718,1.0
898,8.076923076923077,0.9807692307692307,1.0
899,8.076923076923077,0.9935897435897436,1.0
900,8.076923076923077,1.0064102564102564,1.0
901,8.076923076923077,1.0192307692307692,1.0
902,8.076923076923077,1.032051282051282,1.0
903,8.076923076923077,1.044871794871795,1.0
904,8.076923076923077,1.0576923076923077,1.0
905,8.076923076923077,1.0705128205128205,1.0
906,8.076923076923077,1.0833333333333333,1.0
907,8.076923076923077,1.0961538461538463,1.0
908,8.076923076923077,1.108974358974359,1.0
909,8.076923076923077,1.1217948717948718,1.0
910,8.076923076923077,1.1346153846153846,1.0
911,8.076923076923077,1.1474358974358974,1.0
912,8.076923076923077,1.1602564102564101,1.0
913,8.076923076923077,1.1730769230769231,1.0
914,8.076923076923077,1.185897435897436,1.0
915,8.076923076923077,1.1987179487179487,1.0
916,8.076923076923077,1.2115384615384615,1.0
917,8.076923076923077,1.2243589743589745,1.0
918,8.076923076923077,1.2371794871794872,1.0
919,8.076923076923077,1.25,1.0
920,8.307692307692308,0.75,1.0
921,8.307692307692308,0.7628205128205128,1.0
922,8.307692307692308,0.7756410256410257,1.0
923,8.307692307692308,0.7884615384615384,1.0
924,8.307692307692308,0.8012820512820513,1.0
925,8.307692307692308,0.8141025641025641,1.0
926,8.307692307692308,0.8269230769230769,1.0
927,8.307692307692308,0.8397435897435898,1.0
928,8.307692307692308,0.8525641025641025,1.0
929,8.307692307692308,0.8653846153846154,1.0
930,8.307692307692308,0.8782051282051282,1.0
931,8.307692307692308,0.891025641025641,1.0
932,8.307692307692308,0.9038461538461539,1.0
933,8.307692307692308,0.9166666666666666,1.0
934,8.307692307692308,0.9294871794871795,1.0
935,8.307692307692308,0.9423076923076923,1.0
936,8.307692307692308,0.9551282051282051,1.0
937,8.307692307692308,0.967948717948718,1.0
938,8.307692307692308,0.9807692307692307,1.0
939,8.307692307692308,0.9935897435897436,1.0
940,8.307692307692308,1.0064102564102564,1.0
941,8.307692307692308,1.0192307692307692,1.0
942,8.307692307692308,1.032051282051282,1.0
943,8.307692307692308,1.044871794871795,1.0
944,8.307692307692308,1.0576923076923077,1.0
945,8.307692307692308,1.0705128205128205,1.0
946,8.307692307692308,1.0833333333333333,1.0
947,8.307692307692308,1.0961538461538463,1.0
948,8.307692307692308,1.108974358974359,1.0
949,8.307692307692308,1.1217948717948718,1.0
950,8.307692307692308,1.1346153846153846,1.0
951,8.307692307692308,1.1474358974358974,1.0
952,8.307692307692308,1.1602564102564101,1.0
953,8.307692307692308,1.1730769230769231,1.0
954,8.307692307692308,1.185897435897436,1.0
955,8.307692307692308,1.1987179487179487,1.0
956,8.307692307692308,1.2115384615384615,1.0
957,8.307692307692308,1.2243589743589745,1.0
958,8.307692307692308,1.2371794871794872,1.0
959,8.307692307692308,1.25,1.0
960,8.538461538461538,0.75,1.0
961,8.538461538461538,0.7628205128205128,1.0
962,8.538461538461538,0.7756410256410257,1.0
963,8.538461538461538,0.7884615384615384,1.0
964,8.538461538461538,0.8012820512820513,1.0
965,8.538461538461538,0.8141025641025641,1.0
966,8.538461538461538,0.8269230769230769,1.0
967,8.538461538461538,0.8397435897435898,1.0
968,8.538461538461538,0.8525641025641025,1.0
969,8.538461538461538,0.8653846153846154,1.0
970,8.538461538461538,0.8782051282051282,1.0
971,8.538461538461538,0.891025641025641,1.0
972,8.538461538461538,0.9038461538461539,1.0
973,8.538461538461538,0.9166666666666666,1.0
974,8.538461538461538,0.9294871794871795,1.0
975,8.538461538461538,0.9423076923076923,1.0
976,8.538461538461538,0.9551282051282051,1.0
977,8.538461538461538,0.967948717948718,1.0
978,8.538461538461538,0.9807692307692307,1.0
979,8.538461538461538,0.9935897435897436,1.0
980,8.538461538461538,1.0064102564102564,1.0
981,8.538461538461538,1.0192307692307692,1.0
982,8.538461538461538,1.032051282051282,1.0
983,8.538461538461538,1.044871794871795,1.0
984,8.538461538461538,1.0576923076923077,1.0
985,8.538461538461538,1.0705128205128205,1.0
986,8.538461538461538,1.0833333333333333,1.0
987,8.538461538461538,1.0961538461538463,1.0
988,8.538461538461538,1.108974358974359,1.0
989,8.538461538461538,1.1217948717948718,1.0
990,8.538461538461538,1.1346153846153846,1.0
991,8.538461538461538,1.1474358974358974,1.0
992,8.538461538461538,1.1602564102564101,1.0
993,8.538461538461538,1.1730769230769231,1.0
994,8.538461538461538,1.185897435897436,1.0
995,8.538461538461538,1.1987179487179487,1.0
996,8.538461538461538,1.2115384615384615,1.0
997,8.538461538461538,1.2243589743589745,1.0
998,8.538461538461538,1.2371794871794872,1.0
999,8.538461538461538,1.25,1.0
1000,8.76923076923077,0.75,1.0
1001,8.76923076923077,0.7628205128205128,1.0
1002,8.76923076923077,0.7756410256410257,1.0
1003,8.76923076923077,0.7884615384615384,1.0
1004,8.76923076923077,0.8012820512820513,1.0
1005,8.76923076923077,0.8141025641025641,1.0
1006,8.76923076923077,0.8269230769230769,1.0
1007,8.76923076923077,0.8397435897435898,1.0
1008,8.76923076923077,0.8525641025641025,1.0
1009,8.76923076923077,0.8653846153846154,1.0
1010,8.76923076923077,0.8782051282051282,1.0
1011,8.76923076923077,0.891025641025641,1.0
1012,8.76923076923077,0.9038461538461539,1.0
1013,8.76923076923077,0.9166666666666666,1.0
1014,8.76923076923077,0.9294871794871795,1.0
1015,8.76923076923077,0.9423076923076923,1.0
1016,8.76923076923077,0.9551282051282051,1.0
1017,8.76923076923077,0.967948717948718,1.0
1018,8.76923076923077,0.9807692307692307,1.0
1019,8.76923076923077,0.9935897435897436,1.0
1020,8.76923076923077,1.0064102564102564,1.0
1021,8.76923076923077,1.0192307692307692,1.0
1022,8.76923076923077,1.032051282051282,1.0
1023,8.76923076923077,1.044871794871795,1.0
1024,8.76923076923077,1.0576923076923077,1.0
1025,8.76923076923077,1.0705128205128205,1.0
1026,8.76923076923077,1.0833333333333333,1.0
1027,8.76923076923077,1.0961538461538463,1.0
1028,8.76923076923077,1.108974358974359,1.0
1029,8.76923076923077,1.1217948717948718,1.0
1030,8.76923076923077,1.1346153846153846,1.0
1031,8.76923076923077,1.1474358974358974,1.0
1032,8.76923076923077,1.1602564102564101,1.0
1033,8.76923076923077,1.1730769230769231,1.0
1034,8.76923076923077,1.185897435897436,1.0
1035,8.76923076923077,1.1987179487179487,1.0
1036,8.76923076923077,1.2115384615384615,1.0
1037,8.76923076923077,1.2243589743589745,1.0
1038,8.76923076923077,1.2371794871794872,1.0
1039,8.76923076923077,1.25,1.0
1040,9.0,0.75,1.0
1041,9.0,0.7628205128205128,1.0
1042,9.0,0.7756410256410257,1.0
1043,9.0,0.7884615384615384,1.0
1044,9.0,0.8012820512820513,1.0
1045,9.0,0.8141025641025641,1.0
1046,9.0,0.8269230769230769,1.0
1047,9.0,0.8397435897435898,1.0
1048,9.0,0.8525641025641025,1.0
1049,9.0,0.8653846153846154,1.0
1050,9.0,0.8782051282051282,1.0
1051,9.0,0.891025641025641,1.0
1052,9.0,0.9038461538461539,1.0
1053,9.0,0.9166666666666666,1.0
1054,9.0,0.9294871794871795,1.0
1055,9.0,0.9423076923076923,1.0
1056,9.0,0.9551282051282051,1.0
1057,9.0,0.967948717948718,1.0
1058,9.0,0.9807692307692307,1.0
1059,9.0,0.9935897435897436,1.0
1060,9.0,1.0064102564102564,1.0
1061,9.0,1.0192307692307692,1.0
1062,9.0,1.032051282051282,1.0
1063,9.0,1.044871794871795,1.0
1064,9.0,1.0576923076923077,1.0
1065,9.0,1.0705128205128205,1.0
1066,9.0,1.0833333333333333,1.0
1067,9.0,1.0961538461538463,1.0
1068,9.0,1.108974358974359,1.0
1069,9.0,1.1217948717948718,1.0
1070,9.0,1.1346153846153846,1.0
1071,9.0,1.1474358974358974,1.0
1072,9.0,1.1602564102564101,1.0
1073,9.0,1.1730769230769231,1.0
1074,9.0,1.185897435897436,1.0
1075,9.0,1.1987179487179487,1.0
1076,9.0,1.2115384615384615,1.0
1077,9.0,1.2243589743589745,1.0
1078,9.0,1.2371794871794872,1.0
1079,9.0,1.25,1.0
1080,9.23076923076923,0.75,1.0
1081,9.23076923076923,0.7628205128205128,1.0
1082,9.23076923076923,0.7756410256410257,1.0
1083,9.23076923076923,0.7884615384615384,1.0
1084,9.23076923076923,0.8012820512820513,1.0
1085,9.23076923076923,0.8141025641025641,1.0
1086,9.23076923076923,0.8269230769230769,1.0
1087,9.23076923076923,0.8397435897435898,1.0
1088,9.23076923076923,0.8525641025641025,1.0
1089,9.23076923076923,0.8653846153846154,1.0
1090,9.23076923076923,0.8782051282051282,1.0
1091,9.23076923076923,0.891025641025641,1.0
1092,9.23076923076923,0.9038461538461539,1.0
1093,9.23076923076923,0.9166666666666666,1.0
1094,9.23076923076923,0.9294871794871795,1.0
1095,9.23076923076923,0.9423076923076923,1.0
1096,9.23076923076923,0.9551282051282051,1.0
1097,9.23076923076923,0.967948717948718,1.0
1098,9.23076923076923,0.9807692307692307,1.0
1099,9.23076923076923,0.9935897435897436,1.0
1100,9.23076923076923,1.0064102564102564,1.0
1101,9.23076923076923,1.0192307692307692,1.0
1102,9.23076923076923,1.032051282051282,1.0
1103,9.23076923076923,1.044871794871795,1.0
1104,9.23076923076923,1.0576923076923077,1.0
1105,9.23076923076923,1.0705128205128205,1.0
1106,9.23076923076923,1.0833333333333333,1.0
1107,9.23076923076923,1.0961538461538463,1.0
1108,9.23076923076923,1.108974358974359,1.0
1109,9.23076923076923,1.1217948717948718,1.0
1110,9.23076923076923,1.1346153846153846,1.0
1111,9.23076923076923,1.1474358974358974,1.0
1112,9.23076923076923,1.1602564102564101,1.0
1113,9.23076923076923,1.1730769230769231,1.0
1114,9.23076923076923,1.185897435897436,1.0
1115,9.23076923076923,1.1987179487179487,1.0
1116,9.23076923076923,1.2115384615384615,1.0
1117,9.23076923076923,1.2243589743589745,1.0
1118,9.23076923076923,1.2371794871794872,1.0
1119,9.23076923076923,1.25,1.0
1120,9.461538461538462,0.75,1.0
1121,9.461538461538462,0.7628205128205128,1.0
1122,9.461538461538462,0.7756410256410257,1.0
1123,9.461538461538462,0.7884615384615384,1.0
1124,9.461538461538462,0.8012820512820513,1.0
1125,9.461538461538462,0.8141025641025641,1.0
1126,9.461538461538462,0.8269230769230769,1.0
1127,9.461538461538462,0.8397435897435898,1.0
1128,9.461538461538462,0.8525641025641025,1.0
1129,9.461538461538462,0.8653846153846154,1.0
1130,9.461538461538462,0.8782051282051282,1.0
1131,9.461538461538462,0.891025641025641,1.0
1132,9.461538461538462,0.9038461538461539,1.0
1133,9.461538461538462,0.9166666666666666,1.0
1134,9.461538461538462,0.9294871794871795,1.0
1135,9.461538461538462,0.9423076923076923,1.0
1136,9.461538461538462,0.9551282051282051,1.0
1137,9.461538461538462,0.967948717948718,1.0
1138,9.461538461538462,0.9807692307692307,1.0
1139,9.461538461538462,0.9935897435897436,1.0
1140,9.461538461538462,1.0064102564102564,1.0
1141,9.461538461538462,1.0192307692307692,1.0
1142,9.461538461538462,1.032051282051282,1.0
1143,9.461538461538462,1.044871794871795,1.0
1144,9.461538461538462,1.0576923076923077,1.0
1145,9.461538461538462,1.0705128205128205,1.0
1146,9.461538461538462,1.0833333333333333,1.0
1147,9.461538461538462,1.0961538461538463,1.0
1148,9.461538461538462,1.108974358974359,1.0
1149,9.461538461538462,1.1217948717948718,1.0
1150,9.461538461538462,1.1346153846153846,1.0
1151,9.461538461538462,1.1474358974358974,1.0
1152,9.461538461538462,1.1602564102564101,1.0
1153,9.461538461538462,1.1730769230769231,1.0
1154,9.461538461538462,1.185897435897436,1.0
1155,9.461538461538462,1.1987179487179487,1.0
1156,9.461538461538462,1.2115384615384615,1.0
1157,9.461538461538462,1.2243589743589745,1.0
1158,9.461538461538462,1.2371794871794872,1.0
1159,9.461538461538462,1.25,1.0
1160,9.692307692307693,0.75,1.0
1161,9.692307692307693,0.7628205128205128,1.0
1162,9.692307692307693,0.7756410256410257,1.0
1163,9.692307692307693,0.7884615384615384,1.0
1164,9.692307692307693,0.8012820512820513,1.0
1165,9.692307692307693,0.8141025641025641,1.0
1166,9.692307692307693,0.8269230769230769,1.0
1167,9.692307692307693,0.8397435897435898,1.0
1168,9.692307692307693,0.8525641025641025,1.0
1169,9.692307692307693,0.8653846153846154,1.0
1170,9.692307692307693,0.8782051282051282,1.0
1171,9.692307692307693,0.891025641025641,1.0
1172,9.692307692307693,0.9038461538461539,1.0
1173,9.692307692307693,0.9166666666666666,1.0
1174,9.692307692307693,0.9294871794871795,1.0
1175,9.692307692307693,0.9423076923076923,1.0
1176,9.692307692307693,0.9551282051282051,1.0
1177,9.692307692307693,0.967948717948718,1.0
1178,9.692307692307693,0.9807692307692307,1.0
1179,9.692307692307693,0.9935897435897436,1.0
1180,9.692307692307693,1.0064102564102564,1.0
1181,9.692307692307693,1.0192307692307692,1.0
1182,9.692307692307693,1.032051282051282,1.0
1183,9.692307692307693,1.044871794871795,1.0
1184,9.692307692307693,1.0576923076923077,1.0
1185,9.692307692307693,1.0705128205128205,1.0
1186,9.692307692307693,1.0833333333333333,1.0
1187,9.692307692307693,1.0961538461538463,1.0
1188,9.692307692307693,1.108974358974359,1.0
1189,9.692307692307693,1.1217948717948718,1.0
1190,9.692307692307693,1.1346153846153846,1.0
1191,9.692307692307693,1.1474358974358974,1.0
1192,9.692307692307693,1.1602564102564101,1.0
1193,9.692307692307693,1.1730769230769231,1.0
1194,9.692307692307693,1.185897435897436,1.0
1195,9.692307692307693,1.1987179487179487,1.0
1196,9.692307692307693,1.2115384615384615,1.0
1197,9.692307692307693,1.2243589743589745,1.0
1198,9.692307692307693,1.2371794871794872,1.0
1199,9.692307692307693,1.25,1.0
1200,9.923076923076923,0.75,1.0
1201,9.923076923076923,0.7628205128205128,1.0
1202,9.923076923076923,0.7756410256410257,1.0
1203,9.923076923076923,0.7884615384615384,1.0
1204,9.923076923076923,0.8012820512820513,1.0
1205,9.923076923076923,0.8141025641025641,1.0
1206,9.923076923076923,0.8269230769230769,1.0
1207,9.923076923076923,0.8397435897435898,1.0
1208,9.923076923076923,0.8525641025641025,1.0
1209,9.923076923076923,0.8653846153846154,1.0
1210,9.923076923076923,0.8782051282051282,1.0
1211,9.923076923076923,0.891025641025641,1.0
1212,9.923076923076923,0.9038461538461539,1.0
1213,9.923076923076923,0.9166666666666666,1.0
1214,9.923076923076923,0.9294871794871795,1.0
1215,9.923076923076923,0.9423076923076923,1.0
1216,9.923076923076923,0.9551282051282051,1.0
1217,9.923076923076923,0.967948717948718,1.0
1218,9.923076923076923,0.9807692307692307,1.0
1219,9.923076923076923,0.9935897435897436,1.0
1220,9.923076923076923,1.0064102564102564,1.0
1221,9.923076923076923,1.0192307692307692,1.0
1222,9.923076923076923,1.032051282051282,1.0
1223,9.923076923076923,1.044871794871795,1.0
1224,9.923076923076923,1.0576923076923077,1.0
1225,9.923076923076923,1.0705128205128205,1.0
1226,9.923076923076923,1.0833333333333333,1.0
1227,9.923076923076923,1.0961538461538463,1.0
1228,9.923076923076923,1.108974358974359,1.0
1229,9.923076923076923,1.1217948717948718,1.0
1230,9.923076923076923,1.1346153846153846,1.0
1231,9.923076923076923,1.1474358974358974,1.0
1232,9.923076923076923,1.1602564102564101,1.0
1233,9.923076923076923,1.1730769230769231,1.0
1234,9.923076923076923,1.185897435897436,1.0
1235,9.923076923076923,1.1987179487179487,1.0
1236,9.923076923076923,1.2115384615384615,1.0
1237,9.923076923076923,1.2243589743589745,1.0
1238,9.923076923076923,1.2371794871794872,1.0
1239,9.923076923076923,1.25,1.0
1240,10.153846153846153,0.75,1.0
1241,10.153846153846153,0.7628205128205128,1.0
1242,10.153846153846153,0.7756410256410257,1.0
1243,10.153846153846153,0.7884615384615384,1.0
1244,10.153846153846153,0.8012820512820513,1.0
1245,10.153846153846153,0.8141025641025641,1.0
1246,10.153846153846153,0.8269230769230769,1.0
1247,10.153846153846153,0.8397435897435898,1.0
1248,10.153846153846153,0.8525641025641025,1.0
1249,10.153846153846153,0.8653846153846154,1.0
1250,10.153846153846153,0.8782051282051282,1.0
1251,10.153846153846153,0.891025641025641,1.0
1252,10.153846153846153,0.9038461538461539,1.0
1253,10.153846153846153,0.9166666666666666,1.0
1254,10.153846153846153,0.9294871794871795,1.0
1255,10.153846153846153,0.9423076923076923,1.0
1256,10.153846153846153,0.9551282051282051,1.0
1257,10.153846153846153,0.967948717948718,1.0
1258,10.153846153846153,0.9807692307692307,1.0
1259,10.153846153846153,0.9935897435897436,1.0
1260,10.153846153846153,1.0064102564102564,1.0
1261,10.153846153846153,1.0192307692307692,1.0
1262,10.153846153846153,1.032051282051282,1.0
1263,10.153846153846153,1.044871794871795,1.0
1264,10.153846153846153,1.0576923076923077,1.0
1265,10.153846153846153,1.0705128205128205,1.0
1266,10.153846153846153,1.0833333333333333,1.0
1267,10.153846153846153,1.0961538461538463,1.0
1268,10.153846153846153,1.108974358974359,1.0
1269,10.153846153846153,1.1217948717948718,1.0
1270,10.153846153846153,1.1346153846153846,1.0
1271,10.153846153846153,1.1474358974358974,1.0
1272,10.153846153846153,1.1602564102564101,1.0
1273,10.153846153846153,1.1730769230769231,1.0
1274,10.153846153846153,1.185897435897436,1.0
1275,10.153846153846153,1.1987179487179487,1.0
1276,10.153846153846153,1.2115384615384615,1.0
1277,10.153846153846153,1.2243589743589745,1.0
1278,10.153846153846153,1.2371794871794872,1.0
1279,10.153846153846153,1.25,1.0
1280,10.384615384615385,0.75,1.0
1281,10.384615384615385,0.7628205128205128,1.0
1282,10.384615384615385,0.7756410256410257,1.0
1283,10.384615384615385,0.7884615384615384,1.0
1284,10.384615384615385,0.8012820512820513,1.0
1285,10.384615384615385,0.8141025641025641,1.0
1286,10.384615384615385,0.8269230769230769,1.0
1287,10.384615384615385,0.8397435897435898,1.0
1288,10.384615384615385,0.8525641025641025,1.0
1289,10.384615384615385,0.8653846153846154,1.0
1290,10.384615384615385,0.8782051282051282,1.0
1291,10.384615384615385,0.891025641025641,1.0
1292,10.384615384615385,0.9038461538461539,1.0
1293,10.384615384615385,0.9166666666666666,1.0
1294,10.384615384615385,0.9294871794871795,1.0
1295,10.384615384615385,0.9423076923076923,1.0
1296,10.384615384615385,0.9551282051282051,1.0
1297,10.384615384615385,0.967948717948718,1.0
1298,10.384615384615385,0.9807692307692307,1.0
1299,10.384615384615385,0.9935897435897436,1.0
1300,10.384615384615385,1.0064102564102564,1.0
1301,10.384615384615385,1.0192307692307692,1.0
1302,10.384615384615385,1.032051282051282,1.0
1303,10.384615384615385,1.044871794871795,1.0
1304,10.384615384615385,1.0576923076923077,1.0
1305,10.384615384615385,1.0705128205128205,1.0
1306,10.384615384615385,1.0833333333333333,1.0
1307,10.384615384615385,1.0961538461538463,1.0
1308,10.384615384615385,1.108974358974359,1.0
1309,10.384615384615385,1.1217948717948718,1.0
1310,10.384615384615385,1.1346153846153846,1.0
1311,10.384615384615385,1.1474358974358974,1.0
1312,10.384615384615385,1.1602564102564101,1.0
1313,10.384615384615385,1.1730769230769231,1.0
1314,10.384615384615385,1.185897435897436,1.0
1315,10.384615384615385,1.1987179487179487,1.0
1316,10.384615384615385,1.2115384615384615,1.0
1317,10.384615384615385,1.2243589743589745,1.0
1318,10.384615384615385,1.2371794871794872,1.0
1319,10.384615384615385,1.25,1.0
1320,10.615384615384617,0.75,1.0
1321,10.615384615384617,0.7628205128205128,1.0
1322,10.615384615384617,0.7756410256410257,1.0
1323,10.615384615384617,0.7884615384615384,1.0
1324,10.615384615384617,0.8012820512820513,1.0
1325,10.615384615384617,0.8141025641025641,1.0
1326,10.615384615384617,0.8269230769230769,1.0
1327,10.615384615384617,0.8397435897435898,1.0
1328,10.615384615384617,0.8525641025641025,1.0
1329,10.615384615384617,0.8653846153846154,1.0
1330,10.615384615384617,0.8782051282051282,1.0
1331,10.615384615384617,0.891025641025641,1.0
1332,10.615384615384617,0.9038461538461539,1.0
1333,10.615384615384617,0.9166666666666666,1.0
1334,10.615384615384617,0.9294871794871795,1.0
1335,10.615384615384617,0.9423076923076923,1.0
1336,10.615384615384617,0.9551282051282051,1.0
1337,10.615384615384617,0.967948717948718,1.0
1338,10.615384615384617,0.9807692307692307,1.0
1339,10.615384615384617,0.9935897435897436,1.0
1340,10.615384615384617,1.0064102564102564,1.0
1341,10.615384615384617,1.0192307692307692,1.0
1342,10.615384615384617,1.032051282051282,1.0
1343,10.615384615384617,1.044871794871795,1.0
1344,10.615384615384617,1.0576923076923077,1.0
1345,10.615384615384617,1.0705128205128205,1.0
1346,10.615384615384617,1.0833333333333333,1.0
1347,10.615384615384617,1.0961538461538463,1.0
1348,10.615384615384617,1.108974358974359,1.0
1349,10.615384615384617,1.1217948717948718,1.0
1350,10.615384615384617,1.1346153846153846,1.0
1351,10.615384615384617,1.1474358974358974,1.0
1352,10.615384615384617,1.1602564102564101,1.0
1353,10.615384615384617,1.1730769230769231,1.0
1354,10.615384615384617,1.185897435897436,1.0
1355,10.615384615384617,1.1987179487179487,1.0
1356,10.615384615384617,1.2115384615384615,1.0
1357,10.615384615384617,1.2243589743589745,1.0
1358,10.615384615384617,1.2371794871794872,1.0
1359,10.615384615384617,1.25,1.0
1360,10.846153846153847,0.75,1.0
1361,10.846153846153847,0.7628205128205128,1.0
1362,10.846153846153847,0.7756410256410257,1.0
1363,10.846153846153847,0.7884615384615384,1.0
1364,10.846153846153847,0.8012820512820513,1.0
1365,10.846153846153847,0.8141025641025641,1.0
1366,10.846153846153847,0.8269230769230769,1.0
1367,10.846153846153847,0.8397435897435898,1.0
1368,10.846153846153847,0.8525641025641025,1.0
1369,10.846153846153847,0.8653846153846154,1.0
1370,10.846153846153847,0.8782051282051282,1.0
1371,10.846153846153847,0.891025641025641,1.0
1372,10.846153846153847,0.9038461538461539,1.0
1373,10.846153846153847,0.9166666666666666,1.0
1374,10.846153846153847,0.9294871794871795,1.0
1375,10.846153846153847,0.9423076923076923,1.0
1376,10.846153846153847,0.9551282051282051,1.0
1377,10.846153846153847,0.967948717948718,1.0
1378,10.846153846153847,0.9807692307692307,1.0
1379,10.846153846153847,0.9935897435897436,1.0
1380,10.846153846153847,1.0064102564102564,1.0
1381,10.846153846153847,1.0192307692307692,1.0
1382,10.846153846153847,1.032051282051282,1.0
1383,10.846153846153847,1.044871794871795,1.0
1384,10.846153846153847,1.0576923076923077,1.0
1385,10.846153846153847,1.0705128205128205,1.0
1386,10.846153846153847,1.0833333333333333,1.0
1387,10.846153846153847,1.0961538461538463,1.0
1388,10.846153846153847,1.108974358974359,1.0
1389,10.846153846153847,1.1217948717948718,1.0
1390,10.846153846153847,1.1346153846153846,1.0
1391,10.846153846153847,1.1474358974358974,1.0
1392,10.846153846153847,1.1602564102564101,1.0
1393,10.846153846153847,1.1730769230769231,1.0
1394,10.846153846153847,1.185897435897436,1.0
1395,10.846153846153847,1.1987179487179487,1.0
1396,10.846153846153847,1.2115384615384615,1.0
1397,10.846153846153847,1.2243589743589745,1.0
1398,10.846153846153847,1.2371794871794872,1.0
1399,10.846153846153847,1.25,1.0
1400,11.076923076923077,0.75,1.0
1401,11.076923076923077,0.7628205128205128,1.0
1402,11.076923076923077,0.7756410256410257,1.0
1403,11.076923076923077,0.7884615384615384,1.0
1404,11.076923076923077,0.8012820512820513,1.0
1405,11.076923076923077,0.8141025641025641,1.0
1406,11.076923076923077,0.8269230769230769,1.0
1407,11.076923076923077,0.8397435897435898,1.0
1408,11.076923076923077,0.8525641025641025,1.0
1409,11.076923076923077,0.8653846153846154,1.0
1410,11.076923076923077,0.8782051282051282,1.0
1411,11.076923076923077,0.891025641025641,1.0
1412,11.076923076923077,0.9038461538461539,1.0
1413,11.076923076923077,0.9166666666666666,1.0
1414,11.076923076923077,0.9294871794871795,1.0
1415,11.076923076923077,0.9423076923076923,1.0
1416,11.076923076923077,0.9551282051282051,1.0
1417,11.076923076923077,0.967948717948718,1.0
1418,11.076923076923077,0.9807692307692307,1.0
1419,11.076923076923077,0.9935897435897436,1.0
1420,11.076923076923077,1.0064102564102564,1.0
1421,11.076923076923077,1.0192307692307692,1.0
1422,11.076923076923077,1.032051282051282,1.0
1423,11.076923076923077,1.044871794871795,1.0
1424,11.076923076923077,1.0576923076923077,1.0
1425,11.076923076923077,1.0705128205128205,1.0
1426,11.076923076923077,1.0833333333333333,1.0
1427,11.076923076923077,1.0961538461538463,1.0
1428,11.076923076923077,1.108974358974359,1.0
1429,11.076923076923077,1.1217948717948718,1.0
1430,11.076923076923077,1.1346153846153846,1.0
1431,11.076923076923077,1.1474358974358974,1.0
1432,11.076923076923077,1.1602564102564101,1.0
1433,11.076923076923077,1.1730769230769231,1.0
1434,11.076923076923077,1.185897435897436,1.0
1435,11.076923076923077,1.1987179487179487,1.0
1436,11.076923076923077,1.2115384615384615,1.0
1437,11.076923076923077,1.2243589743589745,1.0
1438,11.076923076923077,1.2371794871794872,1.0
1439,11.076923076923077,1.25,1.0
1440,11.307692307692308,0.75,1.0
1441,11.307692307692308,0.7628205128205128,1.0
1442,11.307692307692308,0.7756410256410257,1.0
1443,11.307692307692308,0.7884615384615384,1.0
1444,11.307692307692308,0.8012820512820513,1.0
1445,11.307692307692308,0.8141025641025641,1.0
1446,11.307692307692308,0.8269230769230769,1.0
1447,11.307692307692308,0.8397435897435898,1.0
1448,11.307692307692308,0.8525641025641025,1.0
1449,11.307692307692308,0.8653846153846154,1.0
1450,11.307692307692308,0.8782051282051282,1.0
1451,11.307692307692308,0.891025641025641,1.0
1452,11.307692307692308,0.9038461538461539,1.0
1453,11.307692307692308,0.9166666666666666,1.0
1454,11.307692307692308,0.9294871794871795,1.0
1455,11.307692307692308,0.9423076923076923,1.0
1456,11.307692307692308,0.9551282051282051,1.0
1457,11.307692307692308,0.967948717948718,1.0
1458,11.307692307692308,0.9807692307692307,1.0
1459,11.307692307692308,0.9935897435897436,1.0
1460,11.307692307692308,1.0064102564102564,1.0
1461,11.307692307692308,1.0192307692307692,1.0
1462,11.307692307692308,1.032051282051282,1.0
1463,11.307692307692308,1.044871794871795,1.0
1464,11.307692307692308,1.0576923076923077,1.0
1465,11.307692307692308,1.0705128205128205,1.0
1466,11.307692307692308,1.0833333333333333,1.0
1467,11.307692307692308,1.0961538461538463,1.0
1468,11.307692307692308,1.108974358974359,1.0
1469,11.307692307692308,1.1217948717948718,1.0
1470,11.307692307692308,1.1346153846153846,1.0
1471,11.307692307692308,1.1474358974358974,1.0
1472,11.307692307692308,1.1602564102564101,1.0
1473,11.307692307692308,1.1730769230769231,1.0
1474,11.307692307692308,1.185897435897436,1.0
1475,11.307692307692308,1.1987179487179487,1.0
1476,11.307692307692308,1.2115384615384615,1.0
1477,11.307692307692308,1.2243589743589745,1.0
1478,11.307692307692308,1.2371794871794872,1.0
1479,11.307692307692308,1.25,1.0
1480,11.538461538461538,0.75,1.0
1481,11.538461538461538,0.7628205128205128,1.0
1482,11.538461538461538,0.7756410256410257,1.0
1483,11.538461538461538,0.7884615384615384,1.0
1484,11.538461538461538,0.8012820512820513,1.0
1485,11.538461538461538,0.8141025641025641,1.0
1486,11.538461538461538,0.8269230769230769,1.0
1487,11.538461538461538,0.8397435897435898,1.0
1488,11.538461538461538,0.8525641025641025,1.0
1489,11.538461538461538,0.8653846153846154,1.0
1490,11.538461538461538,0.8782051282051282,1.0
1491,11.538461538461538,0.891025641025641,1.0
1492,11.538461538461538,0.9038461538461539,1.0
1493,11.538461538461538,0.9166666666666666,1.0
1494,11.538461538461538,0.9294871794871795,1.0
1495,11.538461538461538,0.9423076923076923,1.0
1496,11.538461538461538,0.9551282051282051,1.0
1497,11.538461538461538,0.967948717948718,1.0
1498,11.538461538461538,0.9807692307692307,1.0
1499,11.538461538461538,0.9935897435897436,1.0
1500,11.538461538461538,1.0064102564102564,1.0
1501,11.538461538461538,1.0192307692307692,1.0
1502,11.538461538461538,1.032051282051282,1.0
1503,11.538461538461538,1.044871794871795,1.0
1504,11.538461538461538,1.0576923076923077,1.0
1505,11.538461538461538,1.0705128205128205,1.0
1506,11.538461538461538,1.0833333333333333,1.0
1507,11.538461538461538,1.0961538461538463,1.0
1508,11.538461538461538,1.108974358974359,1.0
1509,11.538461538461538,1.1217948717948718,1.0
1510,11.538461538461538,1.1346153846153846,1.0
1511,11.538461538461538,1.1474358974358974,1.0
1512,11.538461538461538,1.1602564102564101,1.0
1513,11.538461538461538,1.1730769230769231,1.0
1514,11.538461538461538,1.185897435897436,1.0
1515,11.538461538461538,1.1987179487179487,1.0
1516,11.538461538461538,1.2115384615384615,1.0
1517,11.538461538461538,1.2243589743589745,1.0
1518,11.538461538461538,1.2371794871794872,1.0
1519,11.538461538461538,1.25,1.0
1520,11.76923076923077,0.75,1.0
1521,11.76923076923077,0.7628205128205128,1.0
1522,11.76923076923077,0.7756410256410257,1.0
1523,11.76923076923077,0.7884615384615384,1.0
1524,11.76923076923077,0.8012820512820513,1.0
1525,11.76923076923077,0.8141025641025641,1.0
1526,11.76923076923077,0.8269230769230769,1.0
1527,11.76923076923077,0.8397435897435898,1.0
1528,11.76923076923077,0.8525641025641025,1.0
1529,11.76923076923077,0.8653846153846154,1.0
1530,11.76923076923077,0.8782051282051282,1.0
1531,11.76923076923077,0.891025641025641,1.0
1532,11.76923076923077,0.9038461538461539,1.0
1533,11.76923076923077,0.9166666666666666,1.0
1534,11.76923076923077,0.9294871794871795,1.0
1535,11.76923076923077,0.9423076923076923,1.0
1536,11.76923076923077,0.9551282051282051,1.0
1537,11.76923076923077,0.967948717948718,1.0
1538,11.76923076923077,0.9807692307692307,1.0
1539,11.76923076923077,0.9935897435897436,1.0
1540,11.76923076923077,1.0064102564102564,1.0
1541,11.76923076923077,1.0192307692307692,1.0
1542,11.76923076923077,1.032051282051282,1.0
1543,11.76923076923077,1.044871794871795,1.0
1544,11.76923076923077,1.0576923076923077,1.0
1545,11.76923076923077,1.0705128205128205,1.0
1546,11.76923076923077,1.0833333333333333,1.0
1547,11.76923076923077,1.0961538461538463,1.0
1548,11.76923076923077,1.108974358974359,1.0
1549,11.76923076923077,1.1217948717948718,1.0
1550,11.76923076923077,1.1346153846153846,1.0
1551,11.76923076923077,1.1474358974358974,1.0
1552,11.76923076923077,1.1602564102564101,1.0
1553,11.76923076923077,1.1730769230769231,1.0
1554,11.76923076923077,1.185897435897436,1.0
1555,11.76923076923077,1.1987179487179487,1.0
1556,11.76923076923077,1.2115384615384615,1.0
1557,11.76923076923077,1.2243589743589745,1.0
1558,11.76923076923077,1.2371794871794872,1.0
1559,11.76923076923077,1.25,1.0
1560,12.0,0.75,1.0
1561,12.0,0.7628205128205128,1.0
1562,12.0,0.7756410256410257,1.0
1563,12.0,0.7884615384615384,1.0
1564,12.0,0.8012820512820513,1.0
1565,12.0,0.8141025641025641,1.0
1566,12.0,0.8269230769230769,1.0
1567,12.0,0.8397435897435898,1.0
1568,12.0,0.8525641025641025,1.0
1569,12.0,0.8653846153846154,1.0
1570,12.0,0.8782051282051282,1.0
1571,12.0,0.891025641025641,1.0
1572,12.0,0.9038461538461539,1.0
1573,12.0,0.9166666666666666,1.0
1574,12.0,0.9294871794871795,1.0
1575,12.0,0.9423076923076923,1.0
1576,12.0,0.9551282051282051,1.0
1577,12.0,0.967948717948718,1.0
1578,12.0,0.9807692307692307,1.0
1579,12.0,0.9935897435897436,1.0
1580,12.0,1.0064102564102564,1.0
1581,12.0,1.0192307692307692,1.0
1582,12.0,1.032051282051282,1.0
1583,12.0,1.044871794871795,1.0
1584,12.0,1.0576923076923077,1.0
1585,12.0,1.0705128205128205,1.0
1586,12.0,1.0833333333333333,1.0
1587,12.0,1.0961538461538463,1.0
1588,12.0,1.108974358974359,1.0
1589,12.0,1.1217948717948718,1.0
1590,12.0,1.1346153846153846,1.0
1591,12.0,1.1474358974358974,1.0
1592,12.0,1.1602564102564101,1.0
1593,12.0,1.1730769230769231,1.0
1594,12.0,1.185897435897436,1.0
1595,12.0,1.1987179487179487,1.0
1596,12.0,1.2115384615384615,1.0
1597,12.0,1.2243589743589745,1.0
1598,12.0,1.2371794871794872,1.0
1599,12.0,1.25,1.0
